R$ 14.999,MacBook Pro M2 Pro 14" 16GB RAM 512GB SSD,
R$ 12.500,PC Gamer RTX 4070 Ti / Ryzen 7 7700X,
R$ 6.485,Gigabyte Gamer Desktop 5 8GB 4TB SSD,
R$ 5.032,MSI Notebook i7-13700K 64GB 256GB SSD,
R$ 10.357,HP Notebook i5-13600K 64GB 512GB SSD,
R$ 8.055,Gigabyte Gamer Notebook i9-13900K 16GB 4TB SSD,
R$ 5.726,Asus Gamer Notebook undefined 64GB 2TB SSD,
R$ 5.883,LG Notebook 5 16GB 1TB SSD,
R$ 9.627,Dell Gamer Desktop i7-13700K 32GB 512GB SSD,
R$ 5.402,Gigabyte Notebook 9 32GB 512GB SSD,
R$ 8.361,Gigabyte Notebook undefined 16GB 2TB SSD,
R$ 11.292,Acer Desktop 9 8GB 256GB SSD,
R$ 9.708,Dell Notebook 5 64GB 256GB SSD,
R$ 4.986,Dell Gamer Desktop 7 8GB 1TB SSD,
R$ 10.655,Apple Notebook undefined 32GB 256GB SSD,
R$ 5.217,Samsung Desktop 5 16GB 512GB SSD,
R$ 6.222,Dell Desktop i9-13900K 32GB 1TB SSD,
R$ 9.999,iMac M1 24" 8GB RAM 256GB SSD Azul,
R$ 4.489,Samsung Gamer Notebook undefined 64GB 4TB SSD,
R$ 2.705,Acer Desktop i5-13600K 8GB 2TB SSD,
R$ 7.246,Asus Desktop i7-13700K 64GB 2TB SSD,
R$ 5.518,Samsung Gamer Notebook 9 64GB 512GB SSD,
R$ 11.358,Dell Desktop undefined 32GB 512GB SSD,
R$ 10.274,Dell Desktop i9-13900K 32GB 256GB SSD,
R$ 5.122,Asus Notebook i7-13700K 32GB 512GB SSD,
R$ 11.235,Apple Desktop 9 64GB 4TB SSD,
R$ 6.008,LG Desktop i7-13700K 8GB 256GB SSD,
R$ 11.556,Samsung Desktop i9-13900K 32GB 512GB SSD,
R$ 3.147,Asus Desktop i9-13900K 8GB 1TB SSD,
R$ 5.632,Dell Gamer Desktop i7-13700K 64GB 256GB SSD,
R$ 7.831,Apple Notebook i5-13600K 64GB 512GB SSD,
R$ 7.451,LG Notebook 9 8GB 4TB SSD,
R$ 4.551,Dell Desktop 9 32GB 2TB SSD,
R$ 8.895,Apple Notebook 7 16GB 1TB SSD,
R$ 8.061,Samsung Notebook i9-12900K 64GB 2TB SSD,
R$ 6.646,Samsung Gamer Desktop 9 16GB 1TB SSD,
R$ 9.270,HP Desktop i5-13600K 64GB 256GB SSD,
R$ 7.213,Apple Notebook i7-13700K 64GB 4TB SSD,
R$ 7.732,MSI Gamer Desktop i7-13700K 64GB 512GB SSD,
R$ 6.118,MSI Notebook i5-13600K 64GB 4TB SSD,
R$ 4.023,Lenovo Notebook i9-12900K 16GB 1TB SSD,
R$ 5.037,Gigabyte Notebook undefined 64GB 512GB SSD,
R$ 4.290,Dell Desktop i9-13900K 8GB 512GB SSD,
R$ 12.051,Lenovo Desktop 9 64GB 256GB SSD,
R$ 6.441,Apple Gamer Notebook undefined 16GB 512GB SSD,
R$ 10.325,Samsung Notebook 9 64GB 256GB SSD,
R$ 8.074,Acer Desktop 9 64GB 4TB SSD,
R$ 7.780,Asus Notebook 7 16GB 1TB SSD,
R$ 10.973,Lenovo Notebook i9-13900K 8GB 1TB SSD,
R$ 3.046,Dell Gamer Desktop 9 8GB 4TB SSD,
R$ 6.472,LG Desktop 7 64GB 512GB SSD,
R$ 6.778,Gigabyte Notebook i9-13900K 8GB 256GB SSD,
R$ 5.738,LG Notebook Pro 32GB 4TB SSD,
R$ 12.477,MSI Desktop i5-13600K 8GB 4TB SSD,
R$ 3.707,Lenovo Desktop i9-12900K 32GB 512GB SSD,
R$ 10.445,MSI Gamer Desktop Pro 32GB 4TB SSD,
R$ 12.265,Lenovo Desktop i9-13900K 64GB 4TB SSD,
R$ 6.555,Samsung Notebook 7 16GB 2TB SSD,
R$ 4.438,MSI Gamer Desktop 9 32GB 1TB SSD,
R$ 8.723,Asus Notebook i9-13900K 16GB 4TB SSD,
R$ 6.316,Asus Gamer Desktop Pro 16GB 4TB SSD,
R$ 11.451,MSI Gamer Desktop i9-12900K 32GB 2TB SSD,
R$ 7.488,Dell Desktop i9-13900K 64GB 1TB SSD,
R$ 9.614,Apple Notebook i5-13600K 64GB 256GB SSD,
R$ 5.145,Samsung Gamer Desktop i9-12900K 32GB 512GB SSD,
R$ 3.295,Samsung Desktop i9-12900K 8GB 256GB SSD,
R$ 4.918,Apple Notebook 7 32GB 2TB SSD,
R$ 7.568,Gigabyte Gamer Notebook 9 32GB 2TB SSD,
R$ 5.316,Gigabyte Desktop i5-13600K 64GB 4TB SSD,
R$ 8.707,HP Desktop i9-12900K 64GB 1TB SSD,
R$ 4.660,Apple Desktop i5-13600K 8GB 1TB SSD,
R$ 3.032,LG Desktop Pro 64GB 256GB SSD,
R$ 6.120,Dell Desktop i9-12900K 8GB 1TB SSD,
R$ 7.916,LG Gamer Notebook i7-13700K 32GB 512GB SSD,
R$ 8.001,MSI Desktop undefined 32GB 4TB SSD,
R$ 4.949,Samsung Gamer Notebook 9 64GB 256GB SSD,
R$ 10.660,Lenovo Desktop i7-13700K 32GB 1TB SSD,
R$ 7.125,Gigabyte Notebook Pro 32GB 256GB SSD,
R$ 7.076,Dell Notebook i7-13700K 16GB 1TB SSD,
R$ 10.997,Lenovo Notebook 5 32GB 4TB SSD,
R$ 5.420,MSI Desktop 9 16GB 256GB SSD,
R$ 7.311,Lenovo Gamer Desktop 7 64GB 2TB SSD,
R$ 10.601,Acer Desktop i9-13900K 32GB 4TB SSD,
R$ 6.989,Dell Desktop Pro 16GB 1TB SSD,
R$ 6.888,MSI Desktop Pro 64GB 256GB SSD,
R$ 6.738,MSI Notebook 9 32GB 256GB SSD,
R$ 3.876,HP Notebook 5 16GB 1TB SSD,
R$ 3.562,Asus Gamer Notebook 9 8GB 256GB SSD,
R$ 4.809,Asus Gamer Notebook i7-13700K 64GB 512GB SSD,
R$ 8.392,Acer Desktop 9 16GB 1TB SSD,
R$ 8.032,Samsung Notebook 9 32GB 256GB SSD,
R$ 4.525,Asus Notebook i9-13900K 32GB 2TB SSD,
R$ 4.424,Gigabyte Desktop Pro 64GB 512GB SSD,
R$ 9.364,Apple Notebook 5 64GB 512GB SSD,
R$ 4.167,Asus Gamer Desktop i9-13900K 32GB 4TB SSD,
R$ 7.668,Dell Gamer Desktop undefined 8GB 2TB SSD,
R$ 4.429,Samsung Desktop 5 32GB 512GB SSD,
R$ 10.949,LG Notebook 7 8GB 2TB SSD,
R$ 9.911,Dell Notebook i5-13600K 16GB 512GB SSD,
R$ 5.665,Gigabyte Gamer Notebook 5 8GB 512GB SSD,
